country,name_location,source,refrigerant,output_capacity_MW,units,COP,source_temp_C,supply_temp_C,temp_range_C,cooling,est_year,reference
Austria,Wörgl,Waste heat,R-134a,1.5,1,4.00,27,78,51,Yes,2015,"[1]"
Austria,Wörgl,Waste heat,R-245fa,1.1,1,4.00,45,85,40,Yes,2015,"[1]"
Czech Republic,Děčín,Geothermal aquifer,,6.4,1,3.40,55,72,17,No,2002,"[2]"
Denmark,Høje Taastrup,District cooling,NH3,3.2,1,2.85,0,73,73,No,2016,"[3,4]"
Denmark,Verdo Randers,Waste heat,NH3,1.0,1,6.34,30,60,30,Yes,2016,"[5,6]"
Denmark,Løgumkloster,Heat storage (solar),NH3,1.3,1,4.50,17,85,68,Yes,2015,"[7,8]"
Denmark,Rye Kraftvarmeværk,Geothermal aquifer,NH3,2.0,1,4.00,9,75,66,No,2015,"[9,10]"
Denmark,Vejen,Flue gas,NH3,1.1,1,4.10,40,67,27,No,2013,"[11,12]"
Denmark,Bjerringbro,Waste heat,NH3,3.7,1,4.80,18,67,49,Yes,2012,"[13,14]"
Denmark,Brædstrup,Heat storage (solar),NH3,1.2,1,3.20,25,80,55,No,2012,"[15,16]"
Denmark,Marstal,Heat storage (solar),CO2,1.5,1,3.10,10-35,78,43-68,No,2012,"[15,17]"
Denmark,Skjern,Waste heat,NH3,3.9,3,4.60,38,72,34,No,2012,"[18,19]"
Denmark,Skjern,Waste heat,NH3,1.3,1,3.90,33,70,37,No,2015,"[20]"
Finland,Suomenoja (Espoo),Sewage water,,40.0,2,,,,,No,2015,"[21]"
Finland,Kakola (Turku),Sewage water,R-134a,21.0,2,3.30,10,78,68,Yes,2009,"[22,23]"
Finland,Katri Vala (Helsinki),Sewage water,R-134a,90.0,5,3.50,10,88,78,Yes,2006,"[22,24,25]"
Finland,Mäntsälä,Waste heat,R-134a,3.6,1,4.00,36,85,49,No,,"[26,27]"
France,Créteil,Geothermal aquifer,R-134a,4.0,2,4.00,55,88,33,No,2014,"[28,29]"
France,Paris (La Défence),Waste heat,R-134a,12.0,1,4.50,12,90,78,Yes,2014,"[30,29]"
France,Le Plessis-Robinson,Geothermal aquifer,R-134a,1.5,1,4.80,39,85,46,No,2013,"[31,29]"
France,Cherbourg (Divette),Sea water,R-134a,2.2,2,3.00,11,63,52,No,2013,"[29]"
France,Blagnac,Geothermal aquifer,R-134a,3.2,4,6.00,46,70,24,No,2012,"[29]"
Italy,Famagosta (Milano),Geothermal aquifer,R-134a,15.0,3,2.65,15,90,75,Yes,2011,"[32]"
Italy,Morbegno,Waste heat,,3.7,1,4.47,46,84,38,No,2010,"[22]"
Italy,Canevese (Milano),Geothermal aquifer,R-134a,15.0,3,2.65,15,90,75,Yes,2010,"[32]"
Italy,Riva del Garda,Waste heat & geothermal,,1.3,1,3.48,,,,Yes,2008,"[33,32]"
Italy,Bagno di Romagna,Geothermal aquifer,,1.6,1,,37,80,43,No,1987,"[32,34]"
Netherlands,Delft,Waste heat,,1.2,1,,15,70,55,No,,"[35,36]"
Norway,Horten,Sea water,NH3,2.4,2,3.00,5,68,63,Yes,2012,"[37]"
Norway,Drammen,Sea water,NH3,13.2,3,3.05,8,90,82,No,2010,"[38,39]"
Norway,Skøyen Vest (Oslo),Sewage water (raw),R-134a,18.4,1,2.80,10,90,80,No,2008,"[40]"
Norway,Skøyen Vest (Oslo),Sewage water (raw),R-134a,9.2,1,2.90,10,75,65,No,2005,"[40]"
Norway,Lillestrøm,Sewage water,R-134a,4.3,1,,,80,80,Yes,2003,"[41]"
Norway,Fornebu (Oslo),Sea water,R-134a,6.9,1,3.06,5,75,70,Yes,2006,"[40,42]"
Norway,Fornebu (Oslo),Sea water,R-134a,6.8,1,3.06,5,75,70,Yes,2001,"[40,42]"
Norway,Lysaker (Oslo),Sea water,R-134a,4.6,1,2.80,,75,75,Yes,2012,"[40]"
Norway,Lysaker (Oslo),Sea water,R-134a,4.5,1,2.80,,75,75,Yes,1999,"[40]"
Norway,Sandvika (Oslo),Sewage water,R-134a,13.0,2,3.10,10,78,68,Yes,1989,"[43]"
Norway,Trondheim,Sea Water,R-134a,1.2,1,4.03,11,55,44,Yes,,"[44]"
Slovakia,Sereď,Geothermal aquifer,,1.8,1,,65,65,,No,,"[45]"
Sweden,Brista 2 (Stockholm),Flue gas,NH3,6.4,2,6.50,40,60,20,No,2013,"[46,47]"
Sweden,Sysav (Malmö),Flue gas,R-134a,19.0,2,5.40,34,70,36,No,2002,"[48,40]"
Sweden,Umeå,Flue gas,R-134a,13.0,2,4.50,38,70,32,No,2001,"[49,50]"
Sweden,Umeå,Waste heat,R-134a,34.0,2,4.00,10-16,80,64-70,No,1985,"[49]"
Sweden,Jönköping,Sewage water,R-134a,7.0,1,,,,,No,1999,"[49]"
Sweden,Lund,District cooling,R-134a,27.0,3,2.90,,,,No,1999,"[49,51]"
Sweden,Lund,Geothermal aquifer,R-134a,26.0,1,3.40,23,81,58,No,1986,"[49,52,53,54]"
Sweden,Lund,Geothermal aquifer,R-134a,20.0,1,3.40,23,81,58,No,1985,"[49,52,53,54]"
Sweden,Lund,Sewage water,R-134a,13.0,1,3.20,8-16,80,64-72,No,1983,"[49,54]"
Sweden,Hammarby (Stockholm),Sewage water,R-134a,80.0,2,3.50,19,90,71,Yes,1997,"[49,55,56,57]"
Sweden,Hammarby (Stockholm),Sewage water,R-134a,26.0,1,,,,,No,1991,"[49,55,56,57]"
Sweden,Hammarby (Stockholm),Sewage water,R-134a,80.0,3,,,,,No,1986,"[49,55,56,57]"
Sweden,Hammarby (Stockholm),Sewage water,R-134a,25.0,1,,,,,No,1986,"[49,55,56,57]"
Sweden,Brunna-Kungsängen,Waste heat,R-134a,4.0,1,,,,,No,1997,"[49]"
Sweden,Helsingborg,Sewage water,R-134a,27.0,1,3.00,,,,Yes,1996,"[49,58]"
Sweden,Västerås,Sewage water & district cooling,R-134a,4.0,1,3.50,8-12,,,No,1993,"[49]"
Sweden,Sollentuna,Waste heat,R-134a,5.0,1,,21,,,No,1992,"[49]"
Sweden,Nora,Lake water,R-152a,4.0,2,,,,,No,1989,"[49]"
Sweden,Jönköping,Sewage water,R-134a,7.0,1,,,,,No,1999,"[49]"
Sweden,Jönköping,Sewage water,R-134a,25.0,1,,,,,No,1988,"[49]"
Sweden,Eslöv,Sewage water,R-134a,8.0,1,,,,,No,1986,"[49]"
Sweden,Gothenburg,Sewage water,R-134a,100.0,2,3.30,12,80,68,No,1986,"[49,54,59,60,61]"
Sweden,Gothenburg,Sewage water,R-134a,30.0,1,3.30,12,80,68,No,1984,"[49,54,59,60,61]"
Sweden,Gothenburg,Sewage water,R-134a,30.0,1,3.30,12,80,68,No,1983,"[49,54,59,60,61]"
Sweden,Järfälla,Lake water,R-134a,50.0,2,3.00,1.5-10,85,,No,1986,"[49]"
Sweden,Ropsten 3 (Stockholm),Sea water,R-134a,100.0,4,3.00,3,80,77,Yes,1986,"[49,54,62]"
Sweden,Ropsten 2 (Stockholm),Sea water,R-134a,75.0,3,3.00,3,80,77,Yes,1986,"[49,54,62]"
Sweden,Ropsten 1 (Stockholm),Sea water,R-134a,75.0,3,,3,80,77,Yes,1985,"[49,54,62]"
Sweden,Vallentuna,Lake water,R-134a,7.0,1,,,,,No,1986,"[49]"
Sweden,Borås,Sewage water,R-134a,10.0,1,3.00,,,,No,1985,"[49]"
Sweden,Sundbyberg - Solna,Sewage water,R-134a,50.0,2,3.50,16,72,56,Yes,1985,"[49,63,64]"
Sweden,Sundbyberg - Solna,Sewage water & district cooling,R-134a,60.0,2,3.20,7-18,83,65-76,Yes,1985,"[49,63,64]"
Sweden,Åkersberga,Sea water,R-134a,6.0,1,,,,,No,1985,"[49]"
Sweden,Örebro,Sewage water,R-134a,40.0,2,3.50,,,,No,1985,"[49]"
Sweden,Örkelljunga,Waste heat,R-134a,2.0,2,,17,,,No,1985,"[49]"
Sweden,Hofors,Waste heat,R-134a,5.2,2,,25,,,No,1984,"[49]"
Sweden,Klippan,River water,R-134a,2.0,1,,,,,No,1984,"[49]"
Sweden,Kungsbacka,Sewage water,R-134a,5.1,3,,,,,No,1984,"[49]"
Sweden,Oskarshamn,Sewage water,R-134a,2.4,1,,,,,No,1984,"[49]"
Sweden,Borlänge,Waste heat,R-134a,12.0,1,3.10,35,80,45,No,1985,"[49,65]"
Sweden,Borlänge,Waste heat,R-134a,24.0,2,3.10,35,80,45,No,1983,"[49,65]"
Sweden,Visby,Sea/sewage water,R-134a,11.5,1,,,,,No,1983,"[49]"
Sweden,Loudden (Stockholm),Sewage water,R-134a,5.4,2,,,,,No,1982,"[49]"
Sweden,Uppsala,Sewage water,R-134a,36.0,3,3.20,9-18,70,52-61,No,1982,"[49]"
Sweden,Västerås,Sewage water & district cooling,R-134a,13.0,1,3.50,9-20,70,50-61,No,1982,"[49]"
Sweden,Sala-Heby,Sewage water,R-134a,3.2,1,2.80,,,,No,1981,"[49]"
Switzerland,Plan-les-Ouates (Geneva),Waste heat,,4.5,1,,14,55,41,No,2015,"[66,67]"
Switzerland,Rheinfelden 2,Waste heat,NH3,2.0,2,4.00,25,81,56,No,2014,"[68,69]"
Switzerland,Rheinfelden,Sewage water,NH3,2.5,2,4.10,,67,67,No,2009,"[69,70]"
Switzerland,Schlossmatte (Münsingen),Sewage water,R-134a,1.1,1,3.44,10,62,52,No,2007,"[71]"
Switzerland,Walche (Zürich),River water,R-134a,13.4,2,3.39,15,70,55,No,1988,"[72]"
Switzerland,Lausanne,Lake water,NH3,4.5,2,4.80,7,65,58,Yes,1986,"[54,73]"
Switzerland,Zürich,Waste heat,NH3,2.0,1,4.70,24,67,43,No,,"[54,74]"
Switzerland,Dietikon (Zürich),Sewage water,NH3,4.0,1,5.50,15,43,28,No,,"[75]"
