year,opex_specific_fixed
2022,17.551081443457242
2023,17.551081443457242
2024,17.551081443457242
2025,17.551081443457242
2026,17.537465530866516
2027,17.523849618275793
2028,17.510233705685067
2029,17.496617793094345
2030,17.48300188050362
2031,17.46791511790861
2032,17.452828355313603
2033,17.4377415927186
2034,17.42265483012359
2035,17.407568067528583
2036,17.39261782075312
2037,17.37766757397766
2038,17.362717327202198
2039,17.34776708042674
2040,17.332816833651275
2041,17.31795110583329
2042,17.303085378015307
2043,17.28821965019732
2044,17.273353922379336
2045,17.25848819456135
2046,17.243622466743368
2047,17.228756738925384
2048,17.213891011107396
2049,17.199025283289412
2050,17.184159555471428
