node,lon,lat
DK,9.353137715777988,56.171126560836065
EE,25.863408320755106,58.654455847125
EL,22.548835700031734,39.46903427263051
ES,-3.56078545952437,40.36981884557813
FI,26.09613228017577,64.2314632735476
FR,2.511917287235617,46.576149545264606
HR,16.41577524784133,45.08034567833776
HU,19.38436341607694,47.17086538392601
IE,-8.141491358090827,53.20532650693951
IT,12.292283262122986,43.52506018745272
LT,23.95768597782767,55.32628499048406
LU,6.09942549614426,49.779408085904095
LV,24.89503720856333,56.84886227417964
SE,16.285998866221608,62.41314954285722
SI,14.830934331156042,46.1392362633366
SK,19.480534042652256,48.71567979833332
UK,-2.4294916411224063,53.74625714322661
NL,5.603526944756391,52.27812025394545
PL,19.41682233075746,52.11759854957073
PT,-7.976258888301787,39.65844219797355
RO,24.981589159973012,45.828508446252194
AT,14.090904356792182,47.59822339121036
BE,4.675922807228824,50.63768636827333
BG,25.243019207204263,42.75711467396099
CH,8.210904460500553,46.80231242880185
CZ,15.357605024358849,49.744341465659694
DE,10.367423510284423,51.03676900583734
NO,12.267769810681289,64.00414645156862
