edge,capex_per_distance_transport
BE-NO,4719.542898968259
BE-UK,4719.542898968259
DE-NO,4719.542898968259
DE-SE,4719.542898968259
DE-UK,4719.542898968259
DK-NL,4719.542898968259
DK-NO,4719.542898968259
DK-SE,4719.542898968259
DK-UK,4719.542898968259
EE-FI,4719.542898968259
EL-IT,4719.542898968259
FI-EE,4719.542898968259
FR-NO,4719.542898968259
FR-UK,4719.542898968259
IT-EL,4719.542898968259
LT-SE,4719.542898968259
NL-DK,4719.542898968259
NL-NO,4719.542898968259
NL-UK,4719.542898968259
NO-BE,4719.542898968259
NO-DE,4719.542898968259
NO-DK,4719.542898968259
NO-FR,4719.542898968259
NO-NL,4719.542898968259
NO-UK,4719.542898968259
PL-SE,4719.542898968259
SE-DE,4719.542898968259
SE-DK,4719.542898968259
SE-LT,4719.542898968259
SE-PL,4719.542898968259
UK-BE,4719.542898968259
UK-DE,4719.542898968259
UK-DK,4719.542898968259
UK-FR,4719.542898968259
UK-NL,4719.542898968259
UK-NO,4719.542898968259
