node,availability_import
AT,18.756013127853883
BE,77.66462237442921
BG,8.68869394977169
CH,
CZ,15.222544520547949
DE,163.3040084474886
DK,17.694867237442924
EE,5.877062100456621
EL,42.982076369863016
ES,103.37736347031964
FI,18.30716997716895
FR,108.0664656392694
HR,6.948534703196348
HU,14.498415068493152
IE,11.1474649543379
IT,102.49958047945206
LT,12.424582420091324
LU,3.4095555936073056
LV,2.573958219178082
NL,192.41588675799088
NO,140.7183881278539
PL,47.05786130136986
PT,19.46495102739726
RO,19.218285273972604
SE,34.06109212328767
SI,5.169377511415525
SK,9.52845194063927
UK,188.92086210045665
